site,title,price,image_url,product_url
Naheed,Pepsi Pet 500ml,100.0,https://media.naheed.pk/catalog/product/cache/57044254b6ba66615c533891fd7cf70f/i/c/ic-1029352_pepsi_regular_blue_500ml.jpg,https://www.naheed.pk/pepsi-pet-500ml
Naheed,Pepsi 2.25 Liters,245.0,https://media.naheed.pk/catalog/product/cache/57044254b6ba66615c533891fd7cf70f/i/c/ic-1029573_pepsi_regular_blue_2.25l.jpg,https://www.naheed.pk/pepsi-2-25-liters
Naheed,Pepsi 1.5 Liters,200.0,https://media.naheed.pk/catalog/product/cache/57044254b6ba66615c533891fd7cf70f/i/c/ic-1029826_pepsi_regular_blue_1.5l.jpg,https://www.naheed.pk/pepsi-1-5-liters
Naheed,Pepsi Pet 345ml,70.0,https://media.naheed.pk/catalog/product/cache/57044254b6ba66615c533891fd7cf70f/i/c/ic-1030355_pepsi_regular_blue_345ml.jpg,https://www.naheed.pk/pepsi-pet-345ml
Naheed,Pepsi Local Can 250ml,100.0,https://media.naheed.pk/catalog/product/cache/57044254b6ba66615c533891fd7cf70f/x/1/x1102662-1.jpg,https://www.naheed.pk/pepsi-local-can-250ml
Naheed,Pepsi Diet Can (Local) 250ml,90.0,https://media.naheed.pk/catalog/product/cache/57044254b6ba66615c533891fd7cf70f/d/i/diet_pepsi_250ml_can.jpg,https://www.naheed.pk/pepsi-diet-can-local-250ml
Naheed,"Pepsi 1.5 Liters, 6 Pieces",1200.0,https://media.naheed.pk/catalog/product/cache/57044254b6ba66615c533891fd7cf70f/p/a/pack-0065_pepsi1.5liters_6pieces.jpg,https://www.naheed.pk/pepsi-1-5-liters-6-pieces
Alfatah,PEPSI BOTTLE 345 ML,65.0,https://cdn.shopify.com/s/files/1/0777/0954/1664/files/NewProject_3_3c46af10-6ed1-4999-b2d7-7ddd783c89c6.jpg?v=1717650566,https://alfatah.pk/products/pepsi-bottle-345-ml
Alfatah,PEPSI BOTTLE 500 ML,90.0,https://cdn.shopify.com/s/files/1/0777/0954/1664/files/pending_9.jpg?v=1722410238,https://alfatah.pk/products/pepsi-bottle-500-ml
Alfatah,PEPSI TIN SLIM LOCAL 250ML,100.0,https://cdn.shopify.com/s/files/1/0777/0954/1664/files/8964000101476_27ebcdcf-7d7d-440c-b222-fbce41678331.jpg?v=1725967383,https://alfatah.pk/products/pepsi-tin-slim-local-250ml
Alfatah,PEPSI BOTTLE 500 ML-CARTON,1080.0,https://cdn.shopify.com/s/files/1/0777/0954/1664/files/12622264-0-A.webp?v=1747044478,https://alfatah.pk/products/pepsi-bottle-500-ml-carton
Alfatah,PEPSI CSD ZERO 345 ML,45.0,https://cdn.shopify.com/s/files/1/0777/0954/1664/files/8964002344079_7c5e4cdf-ea03-4199-862e-65b87be3e5df.jpg?v=1726643184,https://alfatah.pk/products/pepsi-csd-zero-345-ml
Alfatah,PEPSI BOTTLE 1.5 LTR,145.0,https://cdn.shopify.com/s/files/1/0777/0954/1664/files/AFP-000116139_ef27f2ba-4131-46e9-b225-965a895f259b.jpg?v=1739431213,https://alfatah.pk/products/pepsi-bottle-1-5-ltr
Alfatah,PEPSI JUMBO 2.25LTR,205.0,https://cdn.shopify.com/s/files/1/0777/0954/1664/files/012000800085_1_f2343926-85c4-4019-aa15-6c7a457db5ab.jpg?v=1709711516,https://alfatah.pk/products/pepsi-jumbo-2-25ltr
Alfatah,PEPSI BOTTLE 1.5 LTR-CARTON,870.0,https://cdn.shopify.com/s/files/1/0777/0954/1664/products/NewProject-2023-03-23T145704.040.png?v=1704746242,https://alfatah.pk/products/pepsi-bottle-1-5-ltr-carton
Alfatah,PEPSI JUMBO 2.25 LTR-CARTON,1230.0,https://cdn.shopify.com/s/files/1/0777/0954/1664/files/12622932-0-A.jpg?v=1690224024,https://alfatah.pk/products/pepsi-jumbo-2-25ltr-carton
Alfatah,PEPSI CAN SLIM LOCAL 250ML-CARTON,1200.0,https://cdn.shopify.com/s/files/1/0777/0954/1664/files/NewProject_1_2a2a836c-83c5-498e-a1a0-0b02f1a427f4.jpg?v=1717650411,https://alfatah.pk/products/pepsi-tin-slim-local-250ml-carton
Alfatah,PEPSI BOTTLE 345 ML-CARTON,780.0,https://cdn.shopify.com/s/files/1/0777/0954/1664/files/NewProject-2023-03-23T150327.820.png?v=1742883150,https://alfatah.pk/products/pepsi-bottle-345-ml-carton
Alfatah,PEPSI ZERO SUGAR BOTTLE 1.5 LTR,130.0,https://cdn.shopify.com/s/files/1/0777/0954/1664/files/8964002344116_a62f9e9a-81cf-497d-aeef-eb03273b9b26.jpg?v=1726643188,https://alfatah.pk/products/pepsi-zero-sugar-bottle-1-5-ltr
Alfatah,PEPSI ZERO CAN 250 ML,100.0,https://cdn.shopify.com/s/files/1/0777/0954/1664/products/8964002344062_1.jpg?v=1710762834,https://alfatah.pk/products/pepsi-zero-can-250-ml
Metro,Pepsi 345ML x12 ,690.0,https://www.metro-online.pk/_next/image?url=%2F_next%2Fstatic%2Fmedia%2Fhearticon.d8b376d1.png&w=48&q=75,
Metro,Pepsi 500 ML x12,990.0,https://www.metro-online.pk/_next/image?url=%2F_next%2Fstatic%2Fmedia%2FExpres%20icon.74d0dbb5.png&w=3840&q=75,
Metro,Pepsi 2.25L x6 ,1200.0,https://www.metro-online.pk/_next/image?url=%2F_next%2Fstatic%2Fmedia%2Fhearticon.d8b376d1.png&w=48&q=75,
Metro,Pepsi 1.5L x6 ,840.0,https://www.metro-online.pk/_next/image?url=%2F_next%2Fstatic%2Fmedia%2Fhearticon.d8b376d1.png&w=48&q=75,
Metro,Pepsi 1L x6 ,720.0,https://www.metro-online.pk/_next/image?url=%2F_next%2Fstatic%2Fmedia%2Fhearticon.d8b376d1.png&w=48&q=75,
Imtiaz,Pepsi Drink Can Local 250ml,85.0,https://shop.imtiaz.com.pk/_next/image?url=https%3A%2F%2Fimtiaz-i.s3.ap-southeast-1.amazonaws.com%2F55126%2Fgallery%2FBEV110000019.jpg&w=3840&q=90,
Imtiaz,Pepsi Drink NR 345ml,59.0,https://shop.imtiaz.com.pk/_next/image?url=https%3A%2F%2Fimtiaz-i.s3.ap-southeast-1.amazonaws.com%2F55126%2Fgallery%2FBEV110000024.jpg&w=3840&q=90,
Imtiaz,Pepsi Drink PET 1Ltr,145.0,https://shop.imtiaz.com.pk/_next/image?url=https%3A%2F%2Fimtiaz-i.s3.ap-southeast-1.amazonaws.com%2F55126%2Fgallery%2FBEV110000013.jpg&w=3840&q=90,
Imtiaz,Pepsi Drink NR 500ml,92.0,https://shop.imtiaz.com.pk/_next/image?url=https%3A%2F%2Fimtiaz-i.s3.ap-southeast-1.amazonaws.com%2F55126%2Fgallery%2FBEV110000006.jpg&w=3840&q=90,
Imtiaz,Pepsi Drink Jumbo 2250ml,199.0,https://shop.imtiaz.com.pk/_next/image?url=https%3A%2F%2Fimtiaz-i.s3.ap-southeast-1.amazonaws.com%2F55126%2Fgallery%2FBEV110000040.jpg&w=3840&q=90,
Imtiaz,Pepsi Drink 1500ml,185.0,https://shop.imtiaz.com.pk/_next/image?url=https%3A%2F%2Fimtiaz-i.s3.ap-southeast-1.amazonaws.com%2F55126%2Fgallery%2FBEV110000021.jpg&w=3840&q=90,
Carrefour,Pepsi 1.5 lt,160.0,https://cdn.mafrservices.com/pim-content/PAK/media/product/46313/1719385203/46313_main.jpg?im=Resize=400,https://www.carrefour.pk/mafpak/en/cola/pepsi-1-5ltr/p/46313
Carrefour,Pepsi 345 ml,65.0,https://cdn.mafrservices.com/pim-content/PAK/media/product/184826/1719385203/184826_main.jpg?im=Resize=400,https://www.carrefour.pk/mafpak/en/cola/pepsi-345ml/p/184826
Carrefour,Pepsi 500 ml,85.0,https://cdn.mafrservices.com/pim-content/PAK/media/product/46332/1719385203/46332_main.jpg?im=Resize=400,https://www.carrefour.pk/mafpak/en/cola/pepsi-500ml/p/46332
Carrefour,Pepsi 2.25 lt,220.0,https://cdn.mafrservices.com/pim-content/PAK/media/product/46319/1719385203/46319_main.jpg?im=Resize=400,https://www.carrefour.pk/mafpak/en/cola/pepsi-2-25ltr/p/46319
Carrefour,Pepsi Zero 1.5 ltr,150.0,https://cdn.mafrservices.com/pim-content/PAK/media/product/222796/1745413804/222796_main.jpg?im=Resize=400,https://www.carrefour.pk/mafpak/en/cola/pepsi-zero-1-5l/p/222796
Carrefour,Pepsi Can 250 ml,99.0,https://cdn.mafrservices.com/sys-master-root/h01/he3/26911540084766/153723_main.jpg?im=Resize=400,https://www.carrefour.pk/mafpak/en/cola/pepsi-can-250ml/p/153723
Carrefour,Pepsi Bottle 1 Ltr,129.0,https://cdn.mafrservices.com/pim-content/PAK/media/product/46348/1758348005/46348_main.jpg?im=Resize=400,https://www.carrefour.pk/mafpak/en/cola/pepsi-1ltr/p/46348
Carrefour,Pepsi 345 ml (Pack of 12),780.0,https://cdn.mafrservices.com/sys-master-root/hfe/h83/26911559581726/184827_main.jpg?im=Resize=400,https://www.carrefour.pk/mafpak/en/cola/pepsi-345mlx12/p/184827
Carrefour,Pepsi 500 ml (Pack of 12),1020.0,https://cdn.mafrservices.com/sys-master-root/had/h59/26911811108894/49281_main.jpg?im=Resize=400,https://www.carrefour.pk/mafpak/en/cola/pepsi-500mlx12/p/49281
Carrefour,Pepsi 2.25 lt (Pack of 6),1320.0,https://cdn.mafrservices.com/sys-master-root/hd8/h14/14052211064862/49302_main.jpg?im=Resize=400,https://www.carrefour.pk/mafpak/en/cola/pepsi-2-25ltrx6/p/49302
Carrefour,Pepsi 1 lt (Pack of 6),774.0,https://cdn.mafrservices.com/sys-master-root/h0b/h86/15042446360606/49287_main.jpeg?im=Resize=400,https://www.carrefour.pk/mafpak/en/cola/pepsi-1ltrx6/p/49287
Carrefour,Pepsi Zero 1.5 ltr (Pack Of 6),900.0,https://cdn.mafrservices.com/pim-content/PAK/media/product/222797/1745413804/222797_main.jpg?im=Resize=400,https://www.carrefour.pk/mafpak/en/cola/pepsi-zero-1-5lx6/p/222797
Carrefour,Pepsi Zero Sugar Carbonated Drink 345ml,49.0,https://cdn.mafrservices.com/pim-content/PAK/media/product/278227/1719385203/278227_main.jpg?im=Resize=400,https://www.carrefour.pk/mafpak/en/cola/pepsi-zero-345ml/p/278227
Carrefour,Pepsi Can Pack of 250 ml (Pack of 12),1188.0,https://cdn.mafrservices.com/sys-master-root/he0/had/27751470989342/32406_main%20.jpg?im=Resize=400,https://www.carrefour.pk/mafpak/en/cola/pepsi-can-250mlx12/p/32406
Carrefour,Pepsi Zero Sugar Carbonated Drink 250 ml,99.0,https://cdn.mafrservices.com/pim-content/PAK/media/product/277390/1719385203/277390_main.jpg?im=Resize=400,https://www.carrefour.pk/mafpak/en/cola/pepsi-zero-can-250ml/p/277390
